modeltype,numberOfFaces,numberOfVerticesPerFace,translate,scale,rotationAngle,verticesSize,vertices,colorsSize,colors,texcoordsSize,texcoords,textureVariables,normalsSize,normals,customModelAttributesCount,customModelAttributes,text
PYRAMID,4,3,0.000000;0.000000;0.000000,1.000000;1.000000;1.000000,0.000000;0.000000;0.000000,36,0.000000;1.000000;0.000000;-1.000000;-1.000000;1.000000;1.000000;-1.000000;1.000000;0.000000;1.000000;0.000000;1.000000;-1.000000;1.000000;1.000000;-1.000000;-1.000000;0.000000;1.000000;0.000000;-1.000000;-1.000000;-1.000000;1.000000;-1.000000;-1.000000;0.000000;1.000000;0.000000;-1.000000;-1.000000;-1.000000;-1.000000;-1.000000;1.000000,48,1.000000;0.000000;0.000000;1.000000;1.000000;0.000000;0.000000;1.000000;1.000000;0.000000;0.000000;1.000000;0.000000;1.000000;0.000000;1.000000;0.000000;1.000000;0.000000;1.000000;0.000000;1.000000;0.000000;1.000000;0.000000;0.000000;1.000000;1.000000;0.000000;0.000000;1.000000;1.000000;0.000000;0.000000;1.000000;1.000000;1.000000;1.000000;0.000000;1.000000;1.000000;1.000000;0.000000;1.000000;1.000000;1.000000;0.000000;1.000000,24,0.500000;1.000000;0.000000;0.000000;1.000000;0.000000;0.500000;1.000000;0.000000;0.000000;1.000000;0.000000;0.500000;1.000000;0.000000;0.000000;1.000000;0.000000;0.500000;1.000000;0.000000;0.000000;1.000000;0.000000,;;;,0,,0,,,
RECTANGLE,1,6,0.000000;0.000000;0.000000,1.000000;1.000000;1.000000,0.000000;0.000000;0.000000,18,1.000000;1.000000;0.000000;-1.000000;1.000000;0.000000;-1.000000;-1.000000;0.000000;-1.000000;-1.000000;0.000000;1.000000;-1.000000;0.000000;1.000000;1.000000;0.000000,24,1.000000;1.000000;0.000000;1.000000;0.000000;1.000000;0.000000;1.000000;0.000000;1.000000;1.000000;1.000000;0.000000;1.000000;1.000000;1.000000;1.000000;0.000000;1.000000;1.000000;1.000000;1.000000;0.000000;1.000000,12,1.000000;1.000000;0.000000;1.000000;0.000000;0.000000;0.000000;0.000000;1.000000;0.000000;1.000000;1.000000,,0,,0,,,
SPHERE,1,1,0.000000;0.000000;0.000000,1.000000;1.000000;1.000000,0.000000;0.000000;0.000000,0,,4,1.000000;0.000000;0.000000;1.000000,0,,,0,,3,1.000000;20.000000;20.000000,,
DISK,1,1,0.000000;0.000000;0.000000,1.000000;1.000000;1.000000,0.000000;0.000000;0.000000,0,,4,1.000000;0.000000;0.000000;1.000000,0,,,0,,5,1.000000;0.500000;2.000000;20.000000;20.000000,,
