modeltype,numberOfFaces,numberOfVerticesPerFace,translate,scale,rotationAngle,verticesSize,vertices,colorsSize,colors,texcoordsSize,texcoords,textureVariables,normalsSize,normals,customModelAttributesCount,customModelAttributes,text
TEXT,0,0,0.000000;0.000000;0.000000,1.000000;1.000000;1.000000,0.000000;0.000000;0.000000,0,NODATA,16,1.000000;0.000000;0.000000;1.000000;0.000000;1.000000;0.000000;1.000000;0.000000;0.000000;1.000000;1.000000;1.000000;1.000000;1.000000;1.000000,0,NODATA,NODATA,0,NODATA,0,NODATA,Ojaswita,
PYRAMID,4,3,0.000000;-2.055000;0.000000,1.000000;1.000000;1.000000,0.000000;0.000000;0.000000,36,0.000000;1.000000;0.000000;-1.000000;-1.000000;1.000000;1.000000;-1.000000;1.000000;0.000000;1.000000;0.000000;1.000000;-1.000000;1.000000;1.000000;-1.000000;-1.000000;0.000000;1.000000;0.000000;-1.000000;-1.000000;-1.000000;1.000000;-1.000000;-1.000000;0.000000;1.000000;0.000000;-1.000000;-1.000000;-1.000000;-1.000000;-1.000000;1.000000,48,1.000000;0.000000;0.000000;1.000000;1.000000;0.000000;0.000000;1.000000;1.000000;0.000000;0.000000;1.000000;0.000000;1.000000;0.000000;1.000000;0.000000;1.000000;0.000000;1.000000;0.000000;1.000000;0.000000;1.000000;0.000000;0.000000;1.000000;1.000000;0.000000;0.000000;1.000000;1.000000;0.000000;0.000000;1.000000;1.000000;1.000000;1.000000;0.000000;1.000000;1.000000;1.000000;0.000000;1.000000;1.000000;1.000000;0.000000;1.000000,24,0.500000;1.000000;0.000000;0.000000;1.000000;0.000000;0.500000;1.000000;0.000000;0.000000;1.000000;0.000000;0.500000;1.000000;0.000000;0.000000;1.000000;0.000000;0.500000;1.000000;0.000000;0.000000;1.000000;0.000000,Stone.bmp;NOFILE;NOFILE;NOFILE,0,NODATA,0,NODATA,NODATA,
