modeltype,numberOfFaces,numberOfVerticesPerFace,translate,scale,rotationAngle,verticesSize,vertices,colorsSize,colors,texcoordsSize,texcoords,textureVariables,normalsSize,normals,customModelAttributesCount,customModelAttributes,text
CYLINDER,1,1,0.000000;0.580000;0.000000,1.189053;1.080249;1.189053,267.825989;179.130997;52.174000,0,NODATA,4,1.000000;0.000000;0.000000;1.000000,0,NODATA,Khod.bmp,0,NODATA,6,1.000000;0.000000;0.403000;4.000000;6.604000;1.000000,NODATA,
CYLINDER,1,1,-0.362000;-0.290000;-1.015000,0.686670;0.686670;0.686670,40.000000;13.913000;0.000000,0,NODATA,4,1.000000;0.000000;0.000000;1.000000,0,NODATA,Khod.bmp,0,NODATA,6,1.000000;0.114000;0.211000;2.454000;17.434999;1.000000,NODATA,
CYLINDER,1,1,0.724000;0.000000;0.145000,0.749745;0.954301;0.954301,92.174004;337.390991;3.478000,0,NODATA,4,1.000000;0.000000;0.000000;1.000000,0,NODATA,Khod.bmp,0,NODATA,6,1.000000;0.048000;0.161000;1.777000;7.459000;20.000000,NODATA,
